code_header_id,code_category_id,code_header_name,code_header_title,code_header_description,valid_from,valid_to,created_at,updated_at,created_by_user_id,updated_by_user_id
1,1,BEU_MODIFIERS,BEU_MODIFIERS,Code from SPI,2020-10-15 14:21:18.906189,,2020-10-15 14:21:18.906189,2020-10-15 14:21:18.906189,1,1
2,1,BIRD_HEIGHTS,BIRD_HEIGHTS,Code from SPI,2020-10-15 14:21:18.906189,,2020-10-15 14:21:18.906189,2020-10-15 14:21:18.906189,1,1
3,1,CALL_CLASSES,CALL_CLASSES,Code from SPI,2020-10-15 14:21:18.906189,,2020-10-15 14:21:18.906189,2020-10-15 14:21:18.906189,1,1
4,1,CALL_TYPES,CALL_TYPES,Code from SPI,2020-10-15 14:21:18.906189,,2020-10-15 14:21:18.906189,2020-10-15 14:21:18.906189,1,1
5,1,CAPTURE_MECHANISMS,CAPTURE_MECHANISMS,Code from SPI,2020-10-15 14:21:18.906189,,2020-10-15 14:21:18.906189,2020-10-15 14:21:18.906189,1,1
6,1,CEILINGS,CEILINGS,Code from SPI,2020-10-15 14:21:18.906189,,2020-10-15 14:21:18.906189,2020-10-15 14:21:18.906189,1,1
7,1,CENSUS_UNITS,CENSUS_UNITS,Code from SPI,2020-10-15 14:21:18.906189,,2020-10-15 14:21:18.906189,2020-10-15 14:21:18.906189,1,1
8,1,CLOUD_COVERS,CLOUD_COVERS,Code from SPI,2020-10-15 14:21:18.906189,,2020-10-15 14:21:18.906189,2020-10-15 14:21:18.906189,1,1
9,1,CLOUD_TYPES,CLOUD_TYPES,Code from SPI,2020-10-15 14:21:18.906189,,2020-10-15 14:21:18.906189,2020-10-15 14:21:18.906189,1,1
10,1,CONFIRMATION,CONFIRMATION,Code from SPI,2020-10-15 14:21:18.906189,,2020-10-15 14:21:18.906189,2020-10-15 14:21:18.906189,1,1
11,1,COVER_SIZES,COVER_SIZES,Code from SPI,2020-10-15 14:21:18.906189,,2020-10-15 14:21:18.906189,2020-10-15 14:21:18.906189,1,1
12,1,DAYS_SINCE_LAST_SNOWS,DAYS_SINCE_LAST_SNOWS,Code from SPI,2020-10-15 14:21:18.906189,,2020-10-15 14:21:18.906189,2020-10-15 14:21:18.906189,1,1
13,1,DESIGN_COMPONENTS,DESIGN_COMPONENTS,Code from SPI,2020-10-15 14:21:18.906189,,2020-10-15 14:21:18.906189,2020-10-15 14:21:18.906189,1,1
14,1,DETECTED_ANIMAL_CLASSES,DETECTED_ANIMAL_CLASSES,Code from SPI,2020-10-15 14:21:18.906189,,2020-10-15 14:21:18.906189,2020-10-15 14:21:18.906189,1,1
15,1,DETECTION_TYPES,DETECTION_TYPES,Code from SPI,2020-10-15 14:21:18.906189,,2020-10-15 14:21:18.906189,2020-10-15 14:21:18.906189,1,1
16,1,DEVELOPMENT_STAGE,DEVELOPMENT_STAGE,Code from SPI,2020-10-15 14:21:18.906189,,2020-10-15 14:21:18.906189,2020-10-15 14:21:18.906189,1,1
17,1,EPIPHYTE_COVERS,EPIPHYTE_COVERS,Code from SPI,2020-10-15 14:21:18.906189,,2020-10-15 14:21:18.906189,2020-10-15 14:21:18.906189,1,1
18,1,EPIPHYTE_THICKNESSES,EPIPHYTE_THICKNESSES,Code from SPI,2020-10-15 14:21:18.906189,,2020-10-15 14:21:18.906189,2020-10-15 14:21:18.906189,1,1
19,1,FROG_CALL_PLAYBACK,FROG_CALL_PLAYBACK,Code from SPI,2020-10-15 14:21:18.906189,,2020-10-15 14:21:18.906189,2020-10-15 14:21:18.906189,1,1
20,1,GROUND_MOISTURE_CLASSES,GROUND_MOISTURE_CLASSES,Code from SPI,2020-10-15 14:21:18.906189,,2020-10-15 14:21:18.906189,2020-10-15 14:21:18.906189,1,1
21,1,HEALTH,HEALTH,Code from SPI,2020-10-15 14:21:18.906189,,2020-10-15 14:21:18.906189,2020-10-15 14:21:18.906189,1,1
22,1,IN_OUT_TRANSECT,IN_OUT_TRANSECT,Code from SPI,2020-10-15 14:21:18.906189,,2020-10-15 14:21:18.906189,2020-10-15 14:21:18.906189,1,1
23,1,LEAF_MOISTURE,LEAF_MOISTURE,Code from SPI,2020-10-15 14:21:18.906189,,2020-10-15 14:21:18.906189,2020-10-15 14:21:18.906189,1,1
24,1,LOG_DECAY_CLASSES,LOG_DECAY_CLASSES,Code from SPI,2020-10-15 14:21:18.906189,,2020-10-15 14:21:18.906189,2020-10-15 14:21:18.906189,1,1
25,1,MARKING_METHODS,MARKING_METHODS,Code from SPI,2020-10-15 14:21:18.906189,,2020-10-15 14:21:18.906189,2020-10-15 14:21:18.906189,1,1
26,1,MICROHABITAT_CLASSES,MICROHABITAT_CLASSES,Code from SPI,2020-10-15 14:21:18.906189,,2020-10-15 14:21:18.906189,2020-10-15 14:21:18.906189,1,1
27,1,MISTLETOE_INFECTIONS,MISTLETOE_INFECTIONS,Code from SPI,2020-10-15 14:21:18.906189,,2020-10-15 14:21:18.906189,2020-10-15 14:21:18.906189,1,1
28,1,NEST_SITE_DESCRIPTIONS,NEST_SITE_DESCRIPTIONS,Code from SPI,2020-10-15 14:21:18.906189,,2020-10-15 14:21:18.906189,2020-10-15 14:21:18.906189,1,1
29,1,NEST_STAGE,NEST_STAGE,Code from SPI,2020-10-15 14:21:18.906189,,2020-10-15 14:21:18.906189,2020-10-15 14:21:18.906189,1,1
30,1,NEST_SUPPORT_STRUCTURES,NEST_SUPPORT_STRUCTURES,Code from SPI,2020-10-15 14:21:18.906189,,2020-10-15 14:21:18.906189,2020-10-15 14:21:18.906189,1,1
31,1,NEST_TYPES,NEST_TYPES,Code from SPI,2020-10-15 14:21:18.906189,,2020-10-15 14:21:18.906189,2020-10-15 14:21:18.906189,1,1
32,1,OBSERVATION_TYPES,OBSERVATION_TYPES,Code from SPI,2020-10-15 14:21:18.906189,,2020-10-15 14:21:18.906189,2020-10-15 14:21:18.906189,1,1
33,1,PLUMMAGE_CLASSES,PLUMMAGE_CLASSES,Code from SPI,2020-10-15 14:21:18.906189,,2020-10-15 14:21:18.906189,2020-10-15 14:21:18.906189,1,1
34,1,POSITION,POSITION,Code from SPI,2020-10-15 14:21:18.906189,,2020-10-15 14:21:18.906189,2020-10-15 14:21:18.906189,1,1
35,1,PRECIPITATION,PRECIPITATION,Code from SPI,2020-10-15 14:21:18.906189,,2020-10-15 14:21:18.906189,2020-10-15 14:21:18.906189,1,1
36,1,REPRODUCTIVE_CONDITIONS,REPRODUCTIVE_CONDITIONS,Code from SPI,2020-10-15 14:21:18.906189,,2020-10-15 14:21:18.906189,2020-10-15 14:21:18.906189,1,1
37,1,SEA_CONDITIONS,SEA_CONDITIONS,Code from SPI,2020-10-15 14:21:18.906189,,2020-10-15 14:21:18.906189,2020-10-15 14:21:18.906189,1,1
38,1,SERAL_STAGES,SERAL_STAGES,Code from SPI,2020-10-15 14:21:18.906189,,2020-10-15 14:21:18.906189,2020-10-15 14:21:18.906189,1,1
39,1,SEX,SEX,Code from SPI,2020-10-15 14:21:18.906189,,2020-10-15 14:21:18.906189,2020-10-15 14:21:18.906189,1,1
40,1,SNOW_COVERAGES,SNOW_COVERAGES,Code from SPI,2020-10-15 14:21:18.906189,,2020-10-15 14:21:18.906189,2020-10-15 14:21:18.906189,1,1
41,1,SNOW_DEPTHS,SNOW_DEPTHS,Code from SPI,2020-10-15 14:21:18.906189,,2020-10-15 14:21:18.906189,2020-10-15 14:21:18.906189,1,1
42,1,STRATIFICATION_BASIS,STRATIFICATION_BASIS,Code from SPI,2020-10-15 14:21:18.906189,,2020-10-15 14:21:18.906189,2020-10-15 14:21:18.906189,1,1
43,1,SURVEY_INTENSITY,SURVEY_INTENSITY,Code from SPI,2020-10-15 14:21:18.906189,,2020-10-15 14:21:18.906189,2020-10-15 14:21:18.906189,1,1
44,1,TARGET_TAXON,TARGET_TAXON,Code from SPI,2020-10-15 14:21:18.906189,,2020-10-15 14:21:18.906189,2020-10-15 14:21:18.906189,1,1
45,1,TREE_DECAY_CLASSES,TREE_DECAY_CLASSES,Code from SPI,2020-10-15 14:21:18.906189,,2020-10-15 14:21:18.906189,2020-10-15 14:21:18.906189,1,1
46,1,DEPLOYMENT FEATURES,Deployment Features,Code from SPI,2020-10-15 14:21:18.906189,,2020-10-15 14:21:18.906189,2020-10-15 14:21:18.906189,1,1
47,1,USER_STAT_CODES,USER_STAT_CODES,Code from SPI,2020-10-15 14:21:18.906189,,2020-10-15 14:21:18.906189,2020-10-15 14:21:18.906189,1,1
48,1,WATER_FLYING,WATER_FLYING,Code from SPI,2020-10-15 14:21:18.906189,,2020-10-15 14:21:18.906189,2020-10-15 14:21:18.906189,1,1
49,1,WIND_SPEED,WIND_SPEED,Code from SPI,2020-10-15 14:21:18.906189,,2020-10-15 14:21:18.906189,2020-10-15 14:21:18.906189,1,1
50,1,BEAR_CLASSIFICATION,BEAR_CLASSIFICATION,Code from SPI,2020-10-15 14:21:18.906189,,2020-10-15 14:21:18.906189,2020-10-15 14:21:18.906189,1,1
51,1,SCAT_DES,SCAT_DES,Code from SPI,2020-10-15 14:21:18.906189,,2020-10-15 14:21:18.906189,2020-10-15 14:21:18.906189,1,1
52,1,ATTACH_SUBSTR,ATTACH_SUBSTR,Code from SPI,2020-10-15 14:21:18.906189,,2020-10-15 14:21:18.906189,2020-10-15 14:21:18.906189,1,1
53,1,BOTTOM_SUBSTR,BOTTOM_SUBSTR,Code from SPI,2020-10-15 14:21:18.906189,,2020-10-15 14:21:18.906189,2020-10-15 14:21:18.906189,1,1
54,1,MACROHABITAT_CLASSES,MACROHABITAT_CLASSES,Code from SPI,2020-10-15 14:21:18.906189,,2020-10-15 14:21:18.906189,2020-10-15 14:21:18.906189,1,1
55,1,LOC_CODES,LOC_CODES,Code from SPI,2020-10-15 14:21:18.906189,,2020-10-15 14:21:18.906189,2020-10-15 14:21:18.906189,1,1
56,1,COVER_OBJECT,COVER_OBJECT,Code from SPI,2020-10-15 14:21:18.906189,,2020-10-15 14:21:18.906189,2020-10-15 14:21:18.906189,1,1
57,1,PLANT_FORMS,PLANT_FORMS,Code from SPI,2020-10-15 14:21:18.906189,,2020-10-15 14:21:18.906189,2020-10-15 14:21:18.906189,1,1
58,1,DETECTION_VC,DETECTION_VC,Code from SPI,2020-10-15 14:21:18.906189,,2020-10-15 14:21:18.906189,2020-10-15 14:21:18.906189,1,1
59,1,DETECTION_VCD,DETECTION_VCD,Code from SPI,2020-10-15 14:21:18.906189,,2020-10-15 14:21:18.906189,2020-10-15 14:21:18.906189,1,1
60,1,DETECTION_VCS,DETECTION_VCS,Code from SPI,2020-10-15 14:21:18.906189,,2020-10-15 14:21:18.906189,2020-10-15 14:21:18.906189,1,1
61,1,TRAP_EVENTS,TRAP_EVENTS,Code from SPI,2020-10-15 14:21:18.906189,,2020-10-15 14:21:18.906189,2020-10-15 14:21:18.906189,1,1
62,1,BEC_UNIT,BEC_UNIT,Code from SPI,2020-10-15 14:21:18.906189,,2020-10-15 14:21:18.906189,2020-10-15 14:21:18.906189,1,1
63,1,ACO_MICROHABITAT,ACO_MICROHABITAT,Code from SPI,2020-10-15 14:21:18.906189,,2020-10-15 14:21:18.906189,2020-10-15 14:21:18.906189,1,1
64,1,AGE_CLASSES,AGE_CLASSES,Code from SPI,2020-10-15 14:21:18.906189,,2020-10-15 14:21:18.906189,2020-10-15 14:21:18.906189,1,1
65,1,AIRCRAFT_TYPE,AIRCRAFT_TYPE,Code from SPI,2020-10-15 14:21:18.906189,,2020-10-15 14:21:18.906189,2020-10-15 14:21:18.906189,1,1
66,1,ANIMAL_SIGNS,ANIMAL_SIGNS,Code from SPI,2020-10-15 14:21:18.906189,,2020-10-15 14:21:18.906189,2020-10-15 14:21:18.906189,1,1
67,1,BARK_DECAY_CLASSES,BARK_DECAY_CLASSES,Code from SPI,2020-10-15 14:21:18.906189,,2020-10-15 14:21:18.906189,2020-10-15 14:21:18.906189,1,1
68,1,BEHAVIOURS,BEHAVIOURS,Code from SPI,2020-10-15 14:21:18.906189,,2020-10-15 14:21:18.906189,2020-10-15 14:21:18.906189,1,1
69,1,LUNAR_PHASE,LUNAR_PHASE,Code from SPI,2020-10-15 14:21:18.906189,,2020-10-15 14:21:18.906189,2020-10-15 14:21:18.906189,1,1
70,1,TIDE_DIRECTION,TIDE_DIRECTION,Code from SPI,2020-10-15 14:21:18.906189,,2020-10-15 14:21:18.906189,2020-10-15 14:21:18.906189,1,1
71,1,SAMPLE_STATION_TYPE,SAMPLE_STATION_TYPE,Code from SPI,2020-10-15 14:21:18.906189,,2020-10-15 14:21:18.906189,2020-10-15 14:21:18.906189,1,1
72,1,STRATUM_REACHED,STRATUM_REACHED,Code from SPI,2020-10-15 14:21:18.906189,,2020-10-15 14:21:18.906189,2020-10-15 14:21:18.906189,1,1
73,1,FOREST_DISTRICT,FOREST_DISTRICT,Code from SPI,2020-10-15 14:21:18.906189,,2020-10-15 14:21:18.906189,2020-10-15 14:21:18.906189,1,1
74,1,MELP_REGION,MELP_REGION,Code from SPI,2020-10-15 14:21:18.906189,,2020-10-15 14:21:18.906189,2020-10-15 14:21:18.906189,1,1
75,1,DIRECTION,DIRECTION,Code from SPI,2020-10-15 14:21:18.906189,,2020-10-15 14:21:18.906189,2020-10-15 14:21:18.906189,1,1
76,1,PLUMMAGE_CLASS,PLUMMAGE_CLASS,Code from SPI,2020-10-15 14:21:18.906189,,2020-10-15 14:21:18.906189,2020-10-15 14:21:18.906189,1,1
77,1,PLUMMAGE_SUBCLASS_1,PLUMMAGE_SUBCLASS_1,Code from SPI,2020-10-15 14:21:18.906189,,2020-10-15 14:21:18.906189,2020-10-15 14:21:18.906189,1,1
78,1,PLUMMAGE_SUBCLASS_2,PLUMMAGE_SUBCLASS_2,Code from SPI,2020-10-15 14:21:18.906189,,2020-10-15 14:21:18.906189,2020-10-15 14:21:18.906189,1,1
79,1,PLUMMAGE_SUBCLASS,PLUMMAGE_SUBCLASS,Code from SPI,2020-10-15 14:21:18.906189,,2020-10-15 14:21:18.906189,2020-10-15 14:21:18.906189,1,1
80,1,INVENTORY METHOD,INVENTORY METHOD,Code from SPI,2020-10-15 14:21:18.906189,,2020-10-15 14:21:18.906189,2020-10-15 14:21:18.906189,1,1
81,1,FILE_AND_SIG_TYPES,FILE_AND_SIG_TYPES,Code from SPI,2020-10-15 14:21:18.906189,,2020-10-15 14:21:18.906189,2020-10-15 14:21:18.906189,1,1
82,1,SURVEYOR_ROLE_TYPE,SURVEYOR_ROLE_TYPE,Code from SPI,2020-10-15 14:21:18.906189,,2020-10-15 14:21:18.906189,2020-10-15 14:21:18.906189,1,1
83,1,INVENTORY_METHOD,INVENTORY_METHOD,Code from SPI,2020-10-15 14:21:18.906189,,2020-10-15 14:21:18.906189,2020-10-15 14:21:18.906189,1,1
84,1,ECO_SECTION,ECO_SECTION,Code from SPI,2020-10-15 14:21:18.906189,,2020-10-15 14:21:18.906189,2020-10-15 14:21:18.906189,1,1
85,1,LICK_ACTIVITY,LICK_ACTIVITY,Code from SPI,2020-10-15 14:21:18.906189,,2020-10-15 14:21:18.906189,2020-10-15 14:21:18.906189,1,1
86,1,PH_METHOD_TYPE,PH_METHOD_TYPE,Code from SPI,2020-10-15 14:21:18.906189,,2020-10-15 14:21:18.906189,2020-10-15 14:21:18.906189,1,1
87,1,ACTIVITY_NUMBER,ACTIVITY_NUMBER,Code from SPI,2020-10-15 14:21:18.906189,,2020-10-15 14:21:18.906189,2020-10-15 14:21:18.906189,1,1
88,1,VEGETATION_LAYER,VEGETATION_LAYER,Code from SPI,2020-10-15 14:21:18.906189,,2020-10-15 14:21:18.906189,2020-10-15 14:21:18.906189,1,1
89,1,VANTAGE_DESC_TYPE,VANTAGE_DESC_TYPE,Code from SPI,2020-10-15 14:21:18.906189,,2020-10-15 14:21:18.906189,2020-10-15 14:21:18.906189,1,1
90,1,SITE_MODIFIER_SOIL,SITE_MODIFIER_SOIL,Code from SPI,2020-10-15 14:21:18.906189,,2020-10-15 14:21:18.906189,2020-10-15 14:21:18.906189,1,1
91,1,SOIL_TEXTURE_CLASS,SOIL_TEXTURE_CLASS,Code from SPI,2020-10-15 14:21:18.906189,,2020-10-15 14:21:18.906189,2020-10-15 14:21:18.906189,1,1
92,1,COARSE_FRAGMENT_CLASS,COARSE_FRAGMENT_CLASS,Code from SPI,2020-10-15 14:21:18.906189,,2020-10-15 14:21:18.906189,2020-10-15 14:21:18.906189,1,1
93,1,TERRAIN_TEXTURE_CLASS,TERRAIN_TEXTURE_CLASS,Code from SPI,2020-10-15 14:21:18.906189,,2020-10-15 14:21:18.906189,2020-10-15 14:21:18.906189,1,1
94,1,ROOT_RESTRICTION_CLASS,ROOT_RESTRICTION_CLASS,Code from SPI,2020-10-15 14:21:18.906189,,2020-10-15 14:21:18.906189,2020-10-15 14:21:18.906189,1,1
95,1,STRUCTURAL_STAGE_CLASS,STRUCTURAL_STAGE_CLASS,Code from SPI,2020-10-15 14:21:18.906189,,2020-10-15 14:21:18.906189,2020-10-15 14:21:18.906189,1,1
96,1,SITE_MODIFIER_TOPOGRAPHY,SITE_MODIFIER_TOPOGRAPHY,Code from SPI,2020-10-15 14:21:18.906189,,2020-10-15 14:21:18.906189,2020-10-15 14:21:18.906189,1,1
97,1,SURFACE_EXPRESSION_CLASS,SURFACE_EXPRESSION_CLASS,Code from SPI,2020-10-15 14:21:18.906189,,2020-10-15 14:21:18.906189,2020-10-15 14:21:18.906189,1,1
98,1,LICK_TYPE,LICK_TYPE,Code from SPI,2020-10-15 14:21:18.906189,,2020-10-15 14:21:18.906189,2020-10-15 14:21:18.906189,1,1
99,1,HUMUS_FORM,HUMUS_FORM,Code from SPI,2020-10-15 14:21:18.906189,,2020-10-15 14:21:18.906189,2020-10-15 14:21:18.906189,1,1
100,1,ACTIVITY_DESCRIPTOR,ACTIVITY_DESCRIPTOR,Code from SPI,2020-10-15 14:21:18.906189,,2020-10-15 14:21:18.906189,2020-10-15 14:21:18.906189,1,1
101,1,MESO_SLOPE_POSITION,MESO_SLOPE_POSITION,Code from SPI,2020-10-15 14:21:18.906189,,2020-10-15 14:21:18.906189,2020-10-15 14:21:18.906189,1,1
102,1,SOIL_DRAINAGE_CLASS,SOIL_DRAINAGE_CLASS,Code from SPI,2020-10-15 14:21:18.906189,,2020-10-15 14:21:18.906189,2020-10-15 14:21:18.906189,1,1
103,1,SOIL_MOISTURE_REGIME,SOIL_MOISTURE_REGIME,Code from SPI,2020-10-15 14:21:18.906189,,2020-10-15 14:21:18.906189,2020-10-15 14:21:18.906189,1,1
104,1,SOIL_NUTRIENT_REGIME,SOIL_NUTRIENT_REGIME,Code from SPI,2020-10-15 14:21:18.906189,,2020-10-15 14:21:18.906189,2020-10-15 14:21:18.906189,1,1
105,1,SITE_MODIFIER_MOISTURE,SITE_MODIFIER_MOISTURE,Code from SPI,2020-10-15 14:21:18.906189,,2020-10-15 14:21:18.906189,2020-10-15 14:21:18.906189,1,1
106,1,SURFICIAL_MATERIAL_CLASS,SURFICIAL_MATERIAL_CLASS,Code from SPI,2020-10-15 14:21:18.906189,,2020-10-15 14:21:18.906189,2020-10-15 14:21:18.906189,1,1
107,1,GEOMORPHOLOGICAL_PROCESS_CLASS,GEOMORPHOLOGICAL_PROCESS_CLASS,Code from SPI,2020-10-15 14:21:18.906189,,2020-10-15 14:21:18.906189,2020-10-15 14:21:18.906189,1,1
108,1,NEST_CONDITIONS,NEST_CONDITIONS,Code from SPI,2020-10-15 14:21:18.906189,,2020-10-15 14:21:18.906189,2020-10-15 14:21:18.906189,1,1
109,1,TRANSECT_TYPE,TRANSECT_TYPE,Code from SPI,2020-10-15 14:21:18.906189,,2020-10-15 14:21:18.906189,2020-10-15 14:21:18.906189,1,1
110,1,HAIR_COUNT,HAIR_COUNT,Code from SPI,2020-10-15 14:21:18.906189,,2020-10-15 14:21:18.906189,2020-10-15 14:21:18.906189,1,1
111,1,SAMPLE_TYPES,SAMPLE_TYPES,Code from SPI,2020-10-15 14:21:18.906189,,2020-10-15 14:21:18.906189,2020-10-15 14:21:18.906189,1,1
112,1,CAPTURE_MECHANISM,CAPTURE_MECHANISM,Code from SPI,2020-10-15 14:21:18.906189,,2020-10-15 14:21:18.906189,2020-10-15 14:21:18.906189,1,1
113,1,NADS,NADS,Code from SPI,2020-10-15 14:21:18.906189,,2020-10-15 14:21:18.906189,2020-10-15 14:21:18.906189,1,1
114,1,HANDLING_EVENTS,HANDLING_EVENTS,Code from SPI,2020-10-15 14:21:18.906189,,2020-10-15 14:21:18.906189,2020-10-15 14:21:18.906189,1,1
115,1,LIFE_STAGE,LIFE_STAGE,Code from SPI,2020-10-15 14:21:18.906189,,2020-10-15 14:21:18.906189,2020-10-15 14:21:18.906189,1,1
116,1,CROWN_CLASSES,CROWN_CLASSES,Code from SPI,2020-10-15 14:21:18.906189,,2020-10-15 14:21:18.906189,2020-10-15 14:21:18.906189,1,1
117,1,CROWN_CONDITION_CLASSES,CROWN_CONDITION_CLASSES,Code from SPI,2020-10-15 14:21:18.906189,,2020-10-15 14:21:18.906189,2020-10-15 14:21:18.906189,1,1
118,1,BARK_RETENTION_CLASSES,BARK_RETENTION_CLASSES,Code from SPI,2020-10-15 14:21:18.906189,,2020-10-15 14:21:18.906189,2020-10-15 14:21:18.906189,1,1
119,1,BREEDING STATUS,BREEDING STATUS,Code from SPI,2020-10-15 14:21:18.906189,,2020-10-15 14:21:18.906189,2020-10-15 14:21:18.906189,1,1
120,1,LIFE STAGE,LIFE STAGE,Code from SPI,2020-10-15 14:21:18.906189,,2020-10-15 14:21:18.906189,2020-10-15 14:21:18.906189,1,1
121,1,LIFE PREY FATE,LIFE PREY FATE,Code from SPI,2020-10-15 14:21:18.906189,,2020-10-15 14:21:18.906189,2020-10-15 14:21:18.906189,1,1
122,1,PAIR STATUS,PAIR STATUS,Code from SPI,2020-10-15 14:21:18.906189,,2020-10-15 14:21:18.906189,2020-10-15 14:21:18.906189,1,1
123,1,PRODUCTIVITY STATUS,PRODUCTIVITY STATUS,Code from SPI,2020-10-15 14:21:18.906189,,2020-10-15 14:21:18.906189,2020-10-15 14:21:18.906189,1,1
124,1,ANIMAL_BEHAVIOURS,ANIMAL_BEHAVIOURS,Code from SPI,2020-10-15 14:21:18.906189,,2020-10-15 14:21:18.906189,2020-10-15 14:21:18.906189,1,1
125,1,SIGN_TYPES,SIGN_TYPES,Code from SPI,2020-10-15 14:21:18.906189,,2020-10-15 14:21:18.906189,2020-10-15 14:21:18.906189,1,1
126,1,WHF_TYPES,WHF_TYPES,Code from SPI,2020-10-15 14:21:18.906189,,2020-10-15 14:21:18.906189,2020-10-15 14:21:18.906189,1,1
127,1,SIGN_AGES,SIGN_AGES,Code from SPI,2020-10-15 14:21:18.906189,,2020-10-15 14:21:18.906189,2020-10-15 14:21:18.906189,1,1
128,1,DENSITY_UNITS,DENSITY_UNITS,Code from SPI,2020-10-15 14:21:18.906189,,2020-10-15 14:21:18.906189,2020-10-15 14:21:18.906189,1,1
129,1,FORM_TYPES,FORM_TYPES,Code from SPI,2020-10-15 14:21:18.906189,,2020-10-15 14:21:18.906189,2020-10-15 14:21:18.906189,1,1
130,1,MACROHABITAT_FEATURES,MACROHABITAT_FEATURES,Code from SPI,2020-10-15 14:21:18.906189,,2020-10-15 14:21:18.906189,2020-10-15 14:21:18.906189,1,1
131,1,PROVINCE,PROVINCE,Code from SPI,2020-10-15 14:21:18.906189,,2020-10-15 14:21:18.906189,2020-10-15 14:21:18.906189,1,1
132,1,OCCUPIED,OCCUPIED,Code from SPI,2020-10-15 14:21:18.906189,,2020-10-15 14:21:18.906189,2020-10-15 14:21:18.906189,1,1
133,1,TAXON_CODE,TAXON_CODE,Code from SPI,2020-10-15 14:21:18.906189,,2020-10-15 14:21:18.906189,2020-10-15 14:21:18.906189,1,1
134,1,SAMPLING_CONDITION_TYPE,SAMPLING_CONDITION_TYPE,Code from SPI,2020-10-15 14:21:18.906189,,2020-10-15 14:21:18.906189,2020-10-15 14:21:18.906189,1,1
135,1,COUNT_METHOD,COUNT_METHOD,Code from SPI,2020-10-15 14:21:18.906189,,2020-10-15 14:21:18.906189,2020-10-15 14:21:18.906189,1,1
136,1,DETECT_INITIAL,DETECT_INITIAL,Code from SPI,2020-10-15 14:21:18.906189,,2020-10-15 14:21:18.906189,2020-10-15 14:21:18.906189,1,1
137,1,TADPOLE_STAGE,TADPOLE_STAGE,Code from SPI,2020-10-15 14:21:18.906189,,2020-10-15 14:21:18.906189,2020-10-15 14:21:18.906189,1,1
138,1,ANIMAL_POSITION,ANIMAL_POSITION,Code from SPI,2020-10-15 14:21:18.906189,,2020-10-15 14:21:18.906189,2020-10-15 14:21:18.906189,1,1
139,1,MICROHABITAT_FEATURES,MICROHABITAT_FEATURES,Code from SPI,2020-10-15 14:21:18.906189,,2020-10-15 14:21:18.906189,2020-10-15 14:21:18.906189,1,1
140,1,MICROHABITAT_FEATURE_POSITIONS,MICROHABITAT_FEATURE_POSITIONS,Code from SPI,2020-10-15 14:21:18.906189,,2020-10-15 14:21:18.906189,2020-10-15 14:21:18.906189,1,1
141,1,STATUS_FIXES,STATUS_FIXES,Code from SPI,2020-10-15 14:21:18.906189,,2020-10-15 14:21:18.906189,2020-10-15 14:21:18.906189,1,1
142,1,COORDINATE_SOURCES,COORDINATE_SOURCES,Code from SPI,2020-10-15 14:21:18.906189,,2020-10-15 14:21:18.906189,2020-10-15 14:21:18.906189,1,1
143,1,DNA_ANALYSIS_LABS,DNA_ANALYSIS_LABS,Code from SPI,2020-10-15 14:21:18.906189,,2020-10-15 14:21:18.906189,2020-10-15 14:21:18.906189,1,1
144,1,HEALTH_GENERAL,HEALTH_GENERAL,Code from SPI,2020-10-15 14:21:18.906189,,2020-10-15 14:21:18.906189,2020-10-15 14:21:18.906189,1,1
145,1,HEALTH_SPECIFIC,HEALTH_SPECIFIC,Code from SPI,2020-10-15 14:21:18.906189,,2020-10-15 14:21:18.906189,2020-10-15 14:21:18.906189,1,1
146,1,HEALTH_CAUSE,HEALTH_CAUSE,Code from SPI,2020-10-15 14:21:18.906189,,2020-10-15 14:21:18.906189,2020-10-15 14:21:18.906189,1,1
147,1,OWNER_TYPE,OWNER_TYPE,Code from SPI,2020-10-15 14:21:18.906189,,2020-10-15 14:21:18.906189,2020-10-15 14:21:18.906189,1,1
148,1,AQUATIC_SURFACES,AQUATIC_SURFACES,Code from SPI,2020-10-15 14:21:18.906189,,2020-10-15 14:21:18.906189,2020-10-15 14:21:18.906189,1,1
149,1,SAMPLE_LOCATIONS,SAMPLE_LOCATIONS,Code from SPI,2020-10-15 14:21:18.906189,,2020-10-15 14:21:18.906189,2020-10-15 14:21:18.906189,1,1
150,1,SECURE_CATEGORIES,SECURE_CATEGORIES,Code from SPI,2020-10-15 14:21:18.906189,,2020-10-15 14:21:18.906189,2020-10-15 14:21:18.906189,1,1
151,1,MANAGEMENT_PROGRAMS,MANAGEMENT_PROGRAMS,Code from SPI,2020-10-15 14:21:18.906189,,2020-10-15 14:21:18.906189,2020-10-15 14:21:18.906189,1,1
152,1,STANDARD_DIGITAL_FILE_TYPES,STANDARD_DIGITAL_FILE_TYPES,Code from SPI,2020-10-15 14:21:18.906189,,2020-10-15 14:21:18.906189,2020-10-15 14:21:18.906189,1,1
153,1,USA_STATES,USA_STATES,Code from SPI,2020-10-15 14:21:18.906189,,2020-10-15 14:21:18.906189,2020-10-15 14:21:18.906189,1,1
154,1,COUNTRIES,COUNTRIES,Code from SPI,2020-10-15 14:21:18.906189,,2020-10-15 14:21:18.906189,2020-10-15 14:21:18.906189,1,1
155,1,REQUEST_TYPES,REQUEST_TYPES,Code from SPI,2020-10-15 14:21:18.906189,,2020-10-15 14:21:18.906189,2020-10-15 14:21:18.906189,1,1
156,1,DATA_TYPES,DATA_TYPES,Code from SPI,2020-10-15 14:21:18.906189,,2020-10-15 14:21:18.906189,2020-10-15 14:21:18.906189,1,1
157,1,ACTIONS,ACTIONS,Code from SPI,2020-10-15 14:21:18.906189,,2020-10-15 14:21:18.906189,2020-10-15 14:21:18.906189,1,1
158,1,SITE_DESCRIPTIONS,SITE_DESCRIPTIONS,Code from SPI,2020-10-15 14:21:18.906189,,2020-10-15 14:21:18.906189,2020-10-15 14:21:18.906189,1,1
159,1,CODE_STATUSES,CODE_STATUSES,Code from SPI,2020-10-15 14:21:18.906189,,2020-10-15 14:21:18.906189,2020-10-15 14:21:18.906189,1,1
160,1,BACKGROUND_NOISE_LEVELS,BACKGROUND_NOISE_LEVELS,Code from SPI,2020-10-15 14:21:18.906189,,2020-10-15 14:21:18.906189,2020-10-15 14:21:18.906189,1,1
161,1,QUALITY_CHECK_RESULTS,QUALITY_CHECK_RESULTS,Code from SPI,2020-10-15 14:21:18.906189,,2020-10-15 14:21:18.906189,2020-10-15 14:21:18.906189,1,1
162,1,SAMPLE_MATERIAL,SAMPLE_MATERIAL,Code from SPI,2020-10-15 14:21:18.906189,,2020-10-15 14:21:18.906189,2020-10-15 14:21:18.906189,1,1
163,1,SITE_OBSERVATION_TYPES,SITE_OBSERVATION_TYPES,Code from SPI,2020-10-15 14:21:18.906189,,2020-10-15 14:21:18.906189,2020-10-15 14:21:18.906189,1,1
164,1,AFFILIATIONS,AFFILIATIONS,Code from SPI,2020-10-15 14:21:18.906189,,2020-10-15 14:21:18.906189,2020-10-15 14:21:18.906189,1,1
165,1,BUSINESS_AREAS,BUSINESS_AREAS,Code from SPI,2020-10-15 14:21:18.906189,,2020-10-15 14:21:18.906189,2020-10-15 14:21:18.906189,1,1
166,1,GIS_CAPABILITIES,GIS_CAPABILITIES,Code from SPI,2020-10-15 14:21:18.906189,,2020-10-15 14:21:18.906189,2020-10-15 14:21:18.906189,1,1
167,1,EI_CODE_ASSOCIATIONS,EI_CODE_ASSOCIATIONS,Code from SPI,2020-10-15 14:21:18.906189,,2020-10-15 14:21:18.906189,2020-10-15 14:21:18.906189,1,1
168,1,GROUP_TYPES,GROUP_TYPES,Code from SPI,2020-10-15 14:21:18.906189,,2020-10-15 14:21:18.906189,2020-10-15 14:21:18.906189,1,1
169,1,MARK_LOCATIONS,MARK_LOCATIONS,Code from SPI,2020-10-15 14:21:18.906189,,2020-10-15 14:21:18.906189,2020-10-15 14:21:18.906189,1,1
170,1,MARK_MATERIALS,MARK_MATERIALS,Code from SPI,2020-10-15 14:21:18.906189,,2020-10-15 14:21:18.906189,2020-10-15 14:21:18.906189,1,1
171,1,SHAPES,SHAPES,Code from SPI,2020-10-15 14:21:18.906189,,2020-10-15 14:21:18.906189,2020-10-15 14:21:18.906189,1,1
172,1,AREA_UNITS,AREA_UNITS,Code from SPI,2020-10-15 14:21:18.906189,,2020-10-15 14:21:18.906189,2020-10-15 14:21:18.906189,1,1
173,1,MARK_PATTERNS,MARK_PATTERNS,Code from SPI,2020-10-15 14:21:18.906189,,2020-10-15 14:21:18.906189,2020-10-15 14:21:18.906189,1,1
174,1,COLORS,COLORS,Code from SPI,2020-10-15 14:21:18.906189,,2020-10-15 14:21:18.906189,2020-10-15 14:21:18.906189,1,1
175,1,FREQUENCY_UNITS,FREQUENCY_UNITS,Code from SPI,2020-10-15 14:21:18.906189,,2020-10-15 14:21:18.906189,2020-10-15 14:21:18.906189,1,1
176,1,FILE_AND_SIG_OUTCOMES,FILE_AND_SIG_OUTCOMES,Code from SPI,2020-10-15 14:21:18.906189,,2020-10-15 14:21:18.906189,2020-10-15 14:21:18.906189,1,1
177,1,SPECIES_ID_METHODS,SPECIES_ID_METHODS,Code from SPI,2020-10-15 14:21:18.906189,,2020-10-15 14:21:18.906189,2020-10-15 14:21:18.906189,1,1
178,1,RELATIONAL_OPERATORS,RELATIONAL_OPERATORS,Code from SPI,2020-10-15 14:21:18.906189,,2020-10-15 14:21:18.906189,2020-10-15 14:21:18.906189,1,1
179,1,COLUMN_OR_CODETYPE,COLUMN_OR_CODETYPE,Code from SPI,2020-10-15 14:21:18.906189,,2020-10-15 14:21:18.906189,2020-10-15 14:21:18.906189,1,1
180,1,SECURE_CODE_TYPES,SECURE_CODE_TYPES,Code from SPI,2020-10-15 14:21:18.906189,,2020-10-15 14:21:18.906189,2020-10-15 14:21:18.906189,1,1
181,1,SECURITY_ASSIGNMENT_METHODS,SECURITY_ASSIGNMENT_METHODS,Code from SPI,2020-10-15 14:21:18.906189,,2020-10-15 14:21:18.906189,2020-10-15 14:21:18.906189,1,1
182,1,SYSTEM_TASKS,SYSTEM_TASKS,Code from SPI,2020-10-15 14:21:18.906189,,2020-10-15 14:21:18.906189,2020-10-15 14:21:18.906189,1,1
183,1,QUALITY_CHECK_DATA_TYPES,QUALITY_CHECK_DATA_TYPES,Code from SPI,2020-10-15 14:21:18.906189,,2020-10-15 14:21:18.906189,2020-10-15 14:21:18.906189,1,1
184,1,DEATH_CAUSE,DEATH_CAUSE,Code from SPI,2020-10-15 14:21:18.906189,,2020-10-15 14:21:18.906189,2020-10-15 14:21:18.906189,1,1
185,1,DESIGN COMPONENT NESTING,Design Component Nesting,Code from SPI,2020-10-15 14:21:18.906189,,2020-10-15 14:21:18.906189,2020-10-15 14:21:18.906189,1,1
186,1,COLLAR_CONDITION,COLLAR_CONDITION,Code from SPI,2020-10-15 14:21:18.906189,,2020-10-15 14:21:18.906189,2020-10-15 14:21:18.906189,1,1
187,1,APPLICATION CONFIGURATION - PRODUCTION,Application Configuration - Production,Code from SPI,2020-10-15 14:21:18.906189,,2020-10-15 14:21:18.906189,2020-10-15 14:21:18.906189,1,1
188,1,ECO_UNIT_END_REASON,ECO_UNIT_END_REASON,Code from SPI,2020-10-15 14:21:18.906189,,2020-10-15 14:21:18.906189,2020-10-15 14:21:18.906189,1,1
189,1,TREND,TREND,Code from SPI,2020-10-15 14:21:18.906189,,2020-10-15 14:21:18.906189,2020-10-15 14:21:18.906189,1,1
190,1,SURVEY_SUMMARY_PARAMETERS,SURVEY_SUMMARY_PARAMETERS,Code from SPI,2020-10-15 14:21:18.906189,,2020-10-15 14:21:18.906189,2020-10-15 14:21:18.906189,1,1
191,1,APPLICATION CONFIGURATION - TEST,Application Configuration - Test,Code from SPI,2020-10-15 14:21:18.906189,,2020-10-15 14:21:18.906189,2020-10-15 14:21:18.906189,1,1
192,1,APPLICATION CONFIGURATION - DELIVERY,Application Configuration - Delivery,Code from SPI,2020-10-15 14:21:18.906189,,2020-10-15 14:21:18.906189,2020-10-15 14:21:18.906189,1,1
193,1,COUNT_RANGES,COUNT_RANGES,Code from SPI,2020-10-15 14:21:18.906189,,2020-10-15 14:21:18.906189,2020-10-15 14:21:18.906189,1,1
194,1,PLANT_LIFE_STAGE,PLANT_LIFE_STAGE,Code from SPI,2020-10-15 14:21:18.906189,,2020-10-15 14:21:18.906189,2020-10-15 14:21:18.906189,1,1
195,1,HUMAN TRANSPORT MODE,Human Transport Mode,Code from SPI,2020-10-15 14:21:18.906189,,2020-10-15 14:21:18.906189,2020-10-15 14:21:18.906189,1,1
196,1,HUMAN USE TYPE,Human Use Type,Code from SPI,2020-10-15 14:21:18.906189,,2020-10-15 14:21:18.906189,2020-10-15 14:21:18.906189,1,1
197,1,MARK_MAKES,MARK_MAKES,Code from SPI,2020-10-15 14:21:18.906189,,2020-10-15 14:21:18.906189,2020-10-15 14:21:18.906189,1,1
198,1,SRVY_OBS_UNG_SMT_COLUMNS,SRVY_OBS_UNG_SMT_COLUMNS,Code from SPI,2020-10-15 14:21:18.906189,,2020-10-15 14:21:18.906189,2020-10-15 14:21:18.906189,1,1
199,1,TRAP_AND_DETECTOR_MAKES,TRAP_AND_DETECTOR_MAKES,Code from SPI,2020-10-15 14:21:18.906189,,2020-10-15 14:21:18.906189,2020-10-15 14:21:18.906189,1,1
200,1,APPLICATION CONFIGURATION,Application Configuration,Code from SPI,2020-10-15 14:21:18.906189,,2020-10-15 14:21:18.906189,2020-10-15 14:21:18.906189,1,1
201,1,MONTHS,Months,Code from SPI,2020-10-15 14:21:18.906189,,2020-10-15 14:21:18.906189,2020-10-15 14:21:18.906189,1,1
202,1,BRANCH_FATE,BRANCH_FATE,Code from SPI,2020-10-15 14:21:18.906189,,2020-10-15 14:21:18.906189,2020-10-15 14:21:18.906189,1,1
203,1,SRVY_OBS_UNG_SMT_CODES,SRVY_OBS_UNG_SMT_CODES,Code from SPI,2020-10-15 14:21:18.906189,,2020-10-15 14:21:18.906189,2020-10-15 14:21:18.906189,1,1
204,1,TIME_UNIT,TIME_UNIT,Code from SPI,2020-10-15 14:21:18.906189,,2020-10-15 14:21:18.906189,2020-10-15 14:21:18.906189,1,1
205,1,TREE_SPECIES_FORESTRY,TREE_SPECIES_FORESTRY,Code from SPI,2020-10-15 14:21:18.906189,,2020-10-15 14:21:18.906189,2020-10-15 14:21:18.906189,1,1
206,1,PARAMETER_METHODS,PARAMETER_METHODS,Code from SPI,2020-10-15 14:21:18.906189,,2020-10-15 14:21:18.906189,2020-10-15 14:21:18.906189,1,1
207,1,POPULATION_UNITS,POPULATION_UNITS,Code from SPI,2020-10-15 14:21:18.906189,,2020-10-15 14:21:18.906189,2020-10-15 14:21:18.906189,1,1
208,1,HERBARIUMS,HERBARIUMS,Code from SPI,2020-10-15 14:21:18.906189,,2020-10-15 14:21:18.906189,2020-10-15 14:21:18.906189,1,1
209,1,VISIBILITY (M) LETTER CATEGORIES,Visibility (m) Letter Categories,Code from SPI,2020-10-15 14:21:18.906189,,2020-10-15 14:21:18.906189,2020-10-15 14:21:18.906189,1,1
210,1,LICHEN ABUNDANCE,Lichen Abundance,Code from SPI,2020-10-15 14:21:18.906189,,2020-10-15 14:21:18.906189,2020-10-15 14:21:18.906189,1,1
211,1,DESIGN COMPONENT DEVICES,Design Component Devices,Code from SPI,2020-10-15 14:21:18.906189,,2020-10-15 14:21:18.906189,2020-10-15 14:21:18.906189,1,1
212,1,FIELD_METHODS,FIELD_METHODS,Code from SPI,2020-10-15 14:21:18.906189,,2020-10-15 14:21:18.906189,2020-10-15 14:21:18.906189,1,1
213,1,ECOLOGICAL_SEASONS,ECOLOGICAL_SEASONS,Code from SPI,2020-10-15 14:21:18.906189,,2020-10-15 14:21:18.906189,2020-10-15 14:21:18.906189,1,1
214,1,SURVEY OUTCOMES/MEASUREMENTS,Survey Outcomes/Measurements,Code from SPI,2020-10-15 14:21:18.906189,,2020-10-15 14:21:18.906189,2020-10-15 14:21:18.906189,1,1
215,1,TRANSFERABLE MARK METHODS,Transferable Mark Methods,Code from SPI,2020-10-15 14:21:18.906189,,2020-10-15 14:21:18.906189,2020-10-15 14:21:18.906189,1,1
216,1,BEU_CODES,BEU_CODES,Code from SPI,2020-10-15 17:19:19.28779,,2020-10-15 17:19:19.28779,2020-10-15 17:19:19.28779,1,1
217,2,JURISDICTION,Jurisdiction,Jurisdiction code of observation area,2020-10-21 09:43:35.175345,,2020-10-21 09:43:35.175345,2020-10-21 11:21:59.57875,1,1
218,2,EFFICACY,Efficacy,Code table used in monitoring records for efficacy ratings of treatments,2020-10-21 09:58:50.729241,,2020-10-21 09:58:50.729241,2020-10-21 11:21:59.57875,1,1
219,4,BANK_SHAPE,BANK_SHAPE,Code from FDIS,2020-11-05 16:33:05.27353,,2020-11-05 16:33:05.27353,2020-11-05 16:33:05.27353,1,1
220,4,BANK_TEXTURE,BANK_TEXTURE,Code from FDIS,2020-11-05 16:33:05.27353,,2020-11-05 16:33:05.27353,2020-11-05 16:33:05.27353,1,1
221,4,BAR_TYPE,BAR_TYPE,Code from FDIS,2020-11-05 16:33:05.27353,,2020-11-05 16:33:05.27353,2020-11-05 16:33:05.27353,1,1
222,4,BASIN_GENESIS,BASIN_GENESIS,Code from FDIS,2020-11-05 16:33:05.27353,,2020-11-05 16:33:05.27353,2020-11-05 16:33:05.27353,1,1
223,4,BASIN_TYPE,BASIN_TYPE,Code from FDIS,2020-11-05 16:33:05.27353,,2020-11-05 16:33:05.27353,2020-11-05 16:33:05.27353,1,1
224,4,BATHY_SURVEY_TYPE,BATHY_SURVEY_TYPE,Code from FDIS,2020-11-05 16:33:05.27353,,2020-11-05 16:33:05.27353,2020-11-05 16:33:05.27353,1,1
225,4,BED_MATERIAL,BED_MATERIAL,Code from FDIS,2020-11-05 16:33:05.27353,,2020-11-05 16:33:05.27353,2020-11-05 16:33:05.27353,1,1
226,4,BED_MORPHOLOGY_CLASS,BED_MORPHOLOGY_CLASS,Code from FDIS,2020-11-05 16:33:05.27353,,2020-11-05 16:33:05.27353,2020-11-05 16:33:05.27353,1,1
227,4,CHANNEL_PATTERN,CHANNEL_PATTERN,Code from FDIS,2020-11-05 16:33:05.27353,,2020-11-05 16:33:05.27353,2020-11-05 16:33:05.27353,1,1
228,4,COLOUR,COLOUR,Code from FDIS,2020-11-05 16:33:05.27353,,2020-11-05 16:33:05.27353,2020-11-05 16:33:05.27353,1,1
229,4,CONDUCTIVITITY_METHOD,CONDUCTIVITITY_METHOD,Code from FDIS,2020-11-05 16:33:05.27353,,2020-11-05 16:33:05.27353,2020-11-05 16:33:05.27353,1,1
230,4,CONFINEMENT,CONFINEMENT,Code from FDIS,2020-11-05 16:33:05.27353,,2020-11-05 16:33:05.27353,2020-11-05 16:33:05.27353,1,1
231,4,COUPLING,COUPLING,Code from FDIS,2020-11-05 16:33:05.27353,,2020-11-05 16:33:05.27353,2020-11-05 16:33:05.27353,1,1
232,4,CROWN_COVER,CROWN_COVER,Code from FDIS,2020-11-05 16:33:05.27353,,2020-11-05 16:33:05.27353,2020-11-05 16:33:05.27353,1,1
233,4,DATA_ENTRY_TOOL,DATA_ENTRY_TOOL,Code from FDIS,2020-11-05 16:33:05.27353,,2020-11-05 16:33:05.27353,2020-11-05 16:33:05.27353,1,1
234,4,DATA_QUALITY,DATA_QUALITY,Code from FDIS,2020-11-05 16:33:05.27353,,2020-11-05 16:33:05.27353,2020-11-05 16:33:05.27353,1,1
235,4,DISTURBANCE,DISTURBANCE,Code from FDIS,2020-11-05 16:33:05.27353,,2020-11-05 16:33:05.27353,2020-11-05 16:33:05.27353,1,1
236,4,EGG_COUNT_METHOD,EGG_COUNT_METHOD,Code from FDIS,2020-11-05 16:33:05.27353,,2020-11-05 16:33:05.27353,2020-11-05 16:33:05.27353,1,1
237,4,ELEVATION_METHOD,ELEVATION_METHOD,Code from FDIS,2020-11-05 16:33:05.27353,,2020-11-05 16:33:05.27353,2020-11-05 16:33:05.27353,1,1
238,4,ELEVATION_SOURCE,ELEVATION_SOURCE,Code from FDIS,2020-11-05 16:33:05.27353,,2020-11-05 16:33:05.27353,2020-11-05 16:33:05.27353,1,1
239,4,ENCLOSURE_DEGREE,ENCLOSURE_DEGREE,Code from FDIS,2020-11-05 16:33:05.27353,,2020-11-05 16:33:05.27353,2020-11-05 16:33:05.27353,1,1
240,4,EROSION,EROSION,Code from FDIS,2020-11-05 16:33:05.27353,,2020-11-05 16:33:05.27353,2020-11-05 16:33:05.27353,1,1
241,4,FEATURE_TYPE,FEATURE_TYPE,Code from FDIS,2020-11-05 16:33:05.27353,,2020-11-05 16:33:05.27353,2020-11-05 16:33:05.27353,1,1
242,4,FIN_CLIP,FIN_CLIP,Code from FDIS,2020-11-05 16:33:05.27353,,2020-11-05 16:33:05.27353,2020-11-05 16:33:05.27353,1,1
243,4,FISH_ACTIVITY,FISH_ACTIVITY,Code from FDIS,2020-11-05 16:33:05.27353,,2020-11-05 16:33:05.27353,2020-11-05 16:33:05.27353,1,1
244,4,FISH_AGE_STRUCTURE,FISH_AGE_STRUCTURE,Code from FDIS,2020-11-05 16:33:05.27353,,2020-11-05 16:33:05.27353,2020-11-05 16:33:05.27353,1,1
245,4,FISH_COLLECTION_METHOD,FISH_COLLECTION_METHOD,Code from FDIS,2020-11-05 16:33:05.27353,,2020-11-05 16:33:05.27353,2020-11-05 16:33:05.27353,1,1
246,4,FISH_DEVELOPMENT_STAGE,FISH_DEVELOPMENT_STAGE,Code from FDIS,2020-11-05 16:33:05.27353,,2020-11-05 16:33:05.27353,2020-11-05 16:33:05.27353,1,1
247,4,FISH_FATE,FISH_FATE,Code from FDIS,2020-11-05 16:33:05.27353,,2020-11-05 16:33:05.27353,2020-11-05 16:33:05.27353,1,1
248,4,FISH_ORIGIN,FISH_ORIGIN,Code from FDIS,2020-11-05 16:33:05.27353,,2020-11-05 16:33:05.27353,2020-11-05 16:33:05.27353,1,1
249,4,FOCAL_LENGTH,FOCAL_LENGTH,Code from FDIS,2020-11-05 16:33:05.27353,,2020-11-05 16:33:05.27353,2020-11-05 16:33:05.27353,1,1
250,4,GENETIC_STRUCTURE,GENETIC_STRUCTURE,Code from FDIS,2020-11-05 16:33:05.27353,,2020-11-05 16:33:05.27353,2020-11-05 16:33:05.27353,1,1
251,4,GRADIENT_METHOD,GRADIENT_METHOD,Code from FDIS,2020-11-05 16:33:05.27353,,2020-11-05 16:33:05.27353,2020-11-05 16:33:05.27353,1,1
252,4,HABITAT_QUALITY,HABITAT_QUALITY,Code from FDIS,2020-11-05 16:33:05.27353,,2020-11-05 16:33:05.27353,2020-11-05 16:33:05.27353,1,1
253,4,HEIGHT_METHOD,HEIGHT_METHOD,Code from FDIS,2020-11-05 16:33:05.27353,,2020-11-05 16:33:05.27353,2020-11-05 16:33:05.27353,1,1
254,4,ISLAND,ISLAND,Code from FDIS,2020-11-05 16:33:05.27353,,2020-11-05 16:33:05.27353,2020-11-05 16:33:05.27353,1,1
255,4,LWD_DISTRIBUTION,LWD_DISTRIBUTION,Code from FDIS,2020-11-05 16:33:05.27353,,2020-11-05 16:33:05.27353,2020-11-05 16:33:05.27353,1,1
256,4,LAKE_ACCESS,LAKE_ACCESS,Code from FDIS,2020-11-05 16:33:05.27353,,2020-11-05 16:33:05.27353,2020-11-05 16:33:05.27353,1,1
257,4,LAKE_COVER_AMOUNT,LAKE_COVER_AMOUNT,Code from FDIS,2020-11-05 16:33:05.27353,,2020-11-05 16:33:05.27353,2020-11-05 16:33:05.27353,1,1
258,4,LAND_USE,LAND_USE,Code from FDIS,2020-11-05 16:33:05.27353,,2020-11-05 16:33:05.27353,2020-11-05 16:33:05.27353,1,1
259,4,LARGE_WOODY_DEBRIS,LARGE_WOODY_DEBRIS,Code from FDIS,2020-11-05 16:33:05.27353,,2020-11-05 16:33:05.27353,2020-11-05 16:33:05.27353,1,1
260,4,LENGTH_METHOD,LENGTH_METHOD,Code from FDIS,2020-11-05 16:33:05.27353,,2020-11-05 16:33:05.27353,2020-11-05 16:33:05.27353,1,1
261,4,LITTORAL_AREA_METHOD,LITTORAL_AREA_METHOD,Code from FDIS,2020-11-05 16:33:05.27353,,2020-11-05 16:33:05.27353,2020-11-05 16:33:05.27353,1,1
262,4,MAP_TYPE,MAP_TYPE,Code from FDIS,2020-11-05 16:33:05.27353,,2020-11-05 16:33:05.27353,2020-11-05 16:33:05.27353,1,1
263,4,MASS_MOVEMENT,MASS_MOVEMENT,Code from FDIS,2020-11-05 16:33:05.27353,,2020-11-05 16:33:05.27353,2020-11-05 16:33:05.27353,1,1
264,4,MATURITY,MATURITY,Code from FDIS,2020-11-05 16:33:05.27353,,2020-11-05 16:33:05.27353,2020-11-05 16:33:05.27353,1,1
265,4,NET_HABITAT,NET_HABITAT,Code from FDIS,2020-11-05 16:33:05.27353,,2020-11-05 16:33:05.27353,2020-11-05 16:33:05.27353,1,1
266,4,NET_MESH_SIZE,NET_MESH_SIZE,Code from FDIS,2020-11-05 16:33:05.27353,,2020-11-05 16:33:05.27353,2020-11-05 16:33:05.27353,1,1
267,4,NET_SET,NET_SET,Code from FDIS,2020-11-05 16:33:05.27353,,2020-11-05 16:33:05.27353,2020-11-05 16:33:05.27353,1,1
268,4,NET_TYPE,NET_TYPE,Code from FDIS,2020-11-05 16:33:05.27353,,2020-11-05 16:33:05.27353,2020-11-05 16:33:05.27353,1,1
269,4,OPEN_WATER,OPEN_WATER,Code from FDIS,2020-11-05 16:33:05.27353,,2020-11-05 16:33:05.27353,2020-11-05 16:33:05.27353,1,1
270,4,OXYGEN_METHOD,OXYGEN_METHOD,Code from FDIS,2020-11-05 16:33:05.27353,,2020-11-05 16:33:05.27353,2020-11-05 16:33:05.27353,1,1
271,4,PH_METHOD,PH_METHOD,Code from FDIS,2020-11-05 16:33:05.27353,,2020-11-05 16:33:05.27353,2020-11-05 16:33:05.27353,1,1
272,4,PHOTO_CATEGORIES,PHOTO_CATEGORIES,Code from FDIS,2020-11-05 16:33:05.27353,,2020-11-05 16:33:05.27353,2020-11-05 16:33:05.27353,1,1
273,4,PHOTO_DIRECTION,PHOTO_DIRECTION,Code from FDIS,2020-11-05 16:33:05.27353,,2020-11-05 16:33:05.27353,2020-11-05 16:33:05.27353,1,1
274,4,PHOTO_QUALITIES,PHOTO_QUALITIES,Code from FDIS,2020-11-05 16:33:05.27353,,2020-11-05 16:33:05.27353,2020-11-05 16:33:05.27353,1,1
275,4,RIPARIAN_VEGETATION,RIPARIAN_VEGETATION,Code from FDIS,2020-11-05 16:33:05.27353,,2020-11-05 16:33:05.27353,2020-11-05 16:33:05.27353,1,1
276,4,SEX,SEX,Code from FDIS,2020-11-05 16:33:05.27353,,2020-11-05 16:33:05.27353,2020-11-05 16:33:05.27353,1,1
277,4,SHORELINE_TYPE,SHORELINE_TYPE,Code from FDIS,2020-11-05 16:33:05.27353,,2020-11-05 16:33:05.27353,2020-11-05 16:33:05.27353,1,1
278,4,SITE_ACCESS,SITE_ACCESS,Code from FDIS,2020-11-05 16:33:05.27353,,2020-11-05 16:33:05.27353,2020-11-05 16:33:05.27353,1,1
279,4,SITE_COVER_AMOUNT,SITE_COVER_AMOUNT,Code from FDIS,2020-11-05 16:33:05.27353,,2020-11-05 16:33:05.27353,2020-11-05 16:33:05.27353,1,1
280,4,SITE_COVER_TYPE,SITE_COVER_TYPE,Code from FDIS,2020-11-05 16:33:05.27353,,2020-11-05 16:33:05.27353,2020-11-05 16:33:05.27353,1,1
281,4,SITE_MEASUREMENT_TYPE,SITE_MEASUREMENT_TYPE,Code from FDIS,2020-11-05 16:33:05.27353,,2020-11-05 16:33:05.27353,2020-11-05 16:33:05.27353,1,1
282,4,STREAM_LOCATION,STREAM_LOCATION,Code from FDIS,2020-11-05 16:33:05.27353,,2020-11-05 16:33:05.27353,2020-11-05 16:33:05.27353,1,1
283,4,STREAM_SAMPLE_TYPE,STREAM_SAMPLE_TYPE,Code from FDIS,2020-11-05 16:33:05.27353,,2020-11-05 16:33:05.27353,2020-11-05 16:33:05.27353,1,1
284,4,STREAM_SETTING,STREAM_SETTING,Code from FDIS,2020-11-05 16:33:05.27353,,2020-11-05 16:33:05.27353,2020-11-05 16:33:05.27353,1,1
285,4,SURFACE_AREA_METHOD,SURFACE_AREA_METHOD,Code from FDIS,2020-11-05 16:33:05.27353,,2020-11-05 16:33:05.27353,2020-11-05 16:33:05.27353,1,1
286,4,SURFACE_AREA_SOURCE,SURFACE_AREA_SOURCE,Code from FDIS,2020-11-05 16:33:05.27353,,2020-11-05 16:33:05.27353,2020-11-05 16:33:05.27353,1,1
287,4,TAG_COLOUR,TAG_COLOUR,Code from FDIS,2020-11-05 16:33:05.27353,,2020-11-05 16:33:05.27353,2020-11-05 16:33:05.27353,1,1
288,4,TAG_TYPE,TAG_TYPE,Code from FDIS,2020-11-05 16:33:05.27353,,2020-11-05 16:33:05.27353,2020-11-05 16:33:05.27353,1,1
289,4,TEMPERATURE_METHOD,TEMPERATURE_METHOD,Code from FDIS,2020-11-05 16:33:05.27353,,2020-11-05 16:33:05.27353,2020-11-05 16:33:05.27353,1,1
290,4,TERRAIN_ASPECT,TERRAIN_ASPECT,Code from FDIS,2020-11-05 16:33:05.27353,,2020-11-05 16:33:05.27353,2020-11-05 16:33:05.27353,1,1
291,4,TERRAIN_SETTING,TERRAIN_SETTING,Code from FDIS,2020-11-05 16:33:05.27353,,2020-11-05 16:33:05.27353,2020-11-05 16:33:05.27353,1,1
292,4,TURBIDITY,TURBIDITY,Code from FDIS,2020-11-05 16:33:05.27353,,2020-11-05 16:33:05.27353,2020-11-05 16:33:05.27353,1,1
293,4,TURBIDITY_METHOD,TURBIDITY_METHOD,Code from FDIS,2020-11-05 16:33:05.27353,,2020-11-05 16:33:05.27353,2020-11-05 16:33:05.27353,1,1
294,4,UTM_METHOD,UTM_METHOD,Code from FDIS,2020-11-05 16:33:05.27353,,2020-11-05 16:33:05.27353,2020-11-05 16:33:05.27353,1,1
295,4,VALLEY_FLAT,VALLEY_FLAT,Code from FDIS,2020-11-05 16:33:05.27353,,2020-11-05 16:33:05.27353,2020-11-05 16:33:05.27353,1,1
296,4,VALLEY_FLAT_CONTINUOUS,VALLEY_FLAT_CONTINUOUS,Code from FDIS,2020-11-05 16:33:05.27353,,2020-11-05 16:33:05.27353,2020-11-05 16:33:05.27353,1,1
297,4,VEGETATION_STAGE,VEGETATION_STAGE,Code from FDIS,2020-11-05 16:33:05.27353,,2020-11-05 16:33:05.27353,2020-11-05 16:33:05.27353,1,1
298,4,WETLAND_TYPE,WETLAND_TYPE,Code from FDIS,2020-11-05 16:33:05.27353,,2020-11-05 16:33:05.27353,2020-11-05 16:33:05.27353,1,1
299,4,WILDLIFE,WILDLIFE,Code from FDIS,2020-11-05 16:33:05.27353,,2020-11-05 16:33:05.27353,2020-11-05 16:33:05.27353,1,1
300,3,COLLECTION_METHOD,COLLECTION_METHOD,Code from FISH,2020-11-05 16:33:05.27353,,2020-11-05 16:33:05.27353,2020-11-05 16:33:05.27353,1,1
301,4,CODE_TYPE,CODE_TYPE,Code from FDIS,2020-11-05 17:14:04.180431,,2020-11-05 17:14:04.180431,2020-11-05 17:14:04.180431,1,1
302,4,AREA,AREA,Code from FDIS,2020-11-05 17:14:04.180431,,2020-11-05 17:14:04.180431,2020-11-05 17:14:04.180431,1,1
303,4,BARS,BARS,Code from FDIS,2020-11-05 17:14:04.180431,,2020-11-05 17:14:04.180431,2020-11-05 17:14:04.180431,1,1
304,4,BMTD,BMTD,Code from FDIS,2020-11-05 17:14:04.180431,,2020-11-05 17:14:04.180431,2020-11-05 17:14:04.180431,1,1
305,4,CNCT,CNCT,Code from FDIS,2020-11-05 17:14:04.180431,,2020-11-05 17:14:04.180431,2020-11-05 17:14:04.180431,1,1
306,4,CNPY,CNPY,Code from FDIS,2020-11-05 17:14:04.180431,,2020-11-05 17:14:04.180431,2020-11-05 17:14:04.180431,1,1
307,4,CONN,CONN,Code from FDIS,2020-11-05 17:14:04.180431,,2020-11-05 17:14:04.180431,2020-11-05 17:14:04.180431,1,1
308,4,CTYP,CTYP,Code from FDIS,2020-11-05 17:14:04.180431,,2020-11-05 17:14:04.180431,2020-11-05 17:14:04.180431,1,1
309,4,ELEV,ELEV,Code from FDIS,2020-11-05 17:14:04.180431,,2020-11-05 17:14:04.180431,2020-11-05 17:14:04.180431,1,1
310,4,HCOD,HCOD,Code from FDIS,2020-11-05 17:14:04.180431,,2020-11-05 17:14:04.180431,2020-11-05 17:14:04.180431,1,1
311,4,HQTP,HQTP,Code from FDIS,2020-11-05 17:14:04.180431,,2020-11-05 17:14:04.180431,2020-11-05 17:14:04.180431,1,1
312,4,HRIP,HRIP,Code from FDIS,2020-11-05 17:14:04.180431,,2020-11-05 17:14:04.180431,2020-11-05 17:14:04.180431,1,1
313,4,IDMTD,IDMTD,Code from FDIS,2020-11-05 17:14:04.180431,,2020-11-05 17:14:04.180431,2020-11-05 17:14:04.180431,1,1
314,4,ISLR,ISLR,Code from FDIS,2020-11-05 17:14:04.180431,,2020-11-05 17:14:04.180431,2020-11-05 17:14:04.180431,1,1
315,4,IVEG,IVEG,Code from FDIS,2020-11-05 17:14:04.180431,,2020-11-05 17:14:04.180431,2020-11-05 17:14:04.180431,1,1
316,4,LSTYP,LSTYP,Code from FDIS,2020-11-05 17:14:04.180431,,2020-11-05 17:14:04.180431,2020-11-05 17:14:04.180431,1,1
317,4,LTY,LTY,Code from FDIS,2020-11-05 17:14:04.180431,,2020-11-05 17:14:04.180431,2020-11-05 17:14:04.180431,1,1
318,4,MSET,MSET,Code from FDIS,2020-11-05 17:14:04.180431,,2020-11-05 17:14:04.180431,2020-11-05 17:14:04.180431,1,1
319,4,PDIRL,PDIRL,Code from FDIS,2020-11-05 17:14:04.180431,,2020-11-05 17:14:04.180431,2020-11-05 17:14:04.180431,1,1
320,4,PJTYP,PJTYP,Code from FDIS,2020-11-05 17:14:04.180431,,2020-11-05 17:14:04.180431,2020-11-05 17:14:04.180431,1,1
321,4,QLTY,QLTY,Code from FDIS,2020-11-05 17:14:04.180431,,2020-11-05 17:14:04.180431,2020-11-05 17:14:04.180431,1,1
322,4,RBAR,RBAR,Code from FDIS,2020-11-05 17:14:04.180431,,2020-11-05 17:14:04.180431,2020-11-05 17:14:04.180431,1,1
323,4,RBAR8,RBAR8,Code from FDIS,2020-11-05 17:14:04.180431,,2020-11-05 17:14:04.180431,2020-11-05 17:14:04.180431,1,1
324,4,RCOD,RCOD,Code from FDIS,2020-11-05 17:14:04.180431,,2020-11-05 17:14:04.180431,2020-11-05 17:14:04.180431,1,1
325,4,RMTD,RMTD,Code from FDIS,2020-11-05 17:14:04.180431,,2020-11-05 17:14:04.180431,2020-11-05 17:14:04.180431,1,1
326,4,RTYP,RTYP,Code from FDIS,2020-11-05 17:14:04.180431,,2020-11-05 17:14:04.180431,2020-11-05 17:14:04.180431,1,1
327,4,SGEO,SGEO,Code from FDIS,2020-11-05 17:14:04.180431,,2020-11-05 17:14:04.180431,2020-11-05 17:14:04.180431,1,1
328,4,SHTYP,SHTYP,Code from FDIS,2020-11-05 17:14:04.180431,,2020-11-05 17:14:04.180431,2020-11-05 17:14:04.180431,1,1
329,4,SPEC,SPEC,Code from FDIS,2020-11-05 17:14:04.180431,,2020-11-05 17:14:04.180431,2020-11-05 17:14:04.180431,1,1
330,4,SRCE,SRCE,Code from FDIS,2020-11-05 17:14:04.180431,,2020-11-05 17:14:04.180431,2020-11-05 17:14:04.180431,1,1
331,4,TABL,TABL,Code from FDIS,2020-11-05 17:14:04.180431,,2020-11-05 17:14:04.180431,2020-11-05 17:14:04.180431,1,1
332,4,WCMTD,WCMTD,Code from FDIS,2020-11-05 17:14:04.180431,,2020-11-05 17:14:04.180431,2020-11-05 17:14:04.180431,1,1
